{"('I O \\nO O \\n', '((0, 0), (0, 1))')": 0.13579, "('I O \\nO O \\n', '((0, 0), (1, 0))')": 0.13579, "('I O \\nO O \\n', '((0, 0), (1, 1))')": 0.13579, "('I O \\nO O \\n', '((0, 1), (1, 0))')": 0.13579, "('I O \\nO O \\n', '((0, 1), (1, 1))')": 0.13579, "('I O \\nO O \\n', '((1, 0), (1, 1))')": 0.13579, "('I E \\nE E \\n', '((0, 0), (0, 1))')": -1.286508181, "('I E \\nE E \\n', '((0, 0), (1, 0))')": -1.286508181, "('I E \\nE E \\n', '((0, 0), (1, 1))')": -1.286508181, "('I E \\nE E \\n', '((0, 1), (1, 0))')": -1.0818720672250002, "('I E \\nE E \\n', '((0, 1), (1, 1))')": -0.3976725941153125, "('I E \\nE E \\n', '((1, 0), (1, 1))')": -0.39767188230625006, "('E I \\nE E \\n', '((0, 0), (0, 1))')": -0.37099950000000004, "('E I \\nE E \\n', '((0, 0), (1, 0))')": 0.13579, "('E I \\nE E \\n', '((0, 0), (1, 1))')": -0.27778900000000006, "('E I \\nE E \\n', '((0, 1), (1, 0))')": -0.6500101, "('E I \\nE E \\n', '((0, 1), (1, 1))')": -0.27778900000000006, "('E I \\nE E \\n', '((1, 0), (1, 1))')": -0.27778900000000006, "('E E \\nE I \\n', '((0, 0), (0, 1))')": -0.27778900000000006, "('E E \\nE I \\n', '((0, 0), (1, 0))')": -0.98500909, "('E E \\nE I \\n', '((0, 0), (1, 1))')": -0.3916784500000001, "('E E \\nE I \\n', '((0, 1), (1, 0))')": -0.6500101, "('E E \\nE I \\n', '((0, 1), (1, 1))')": -0.6500101, "('E E \\nE I \\n', '((1, 0), (1, 1))')": -0.6500101, "('E E \\nI E \\n', '((0, 0), (0, 1))')": 0.13579, "('E E \\nI E \\n', '((0, 0), (1, 0))')": -0.7338995500000001, "('E E \\nI E \\n', '((0, 0), (1, 1))')": -0.6500101, "('E E \\nI E \\n', '((0, 1), (1, 0))')": -0.27778900000000006, "('E E \\nI E \\n', '((0, 1), (1, 1))')": 0.13579, "('E E \\nI E \\n', '((1, 0), (1, 1))')": 0.13579}