{"('I O \\nO O \\n', '((0, 0), (0, 1))')": 0.13579, "('I O \\nO O \\n', '((0, 0), (1, 0))')": 0.13579, "('I O \\nO O \\n', '((0, 0), (1, 1))')": 0.13579, "('I O \\nO O \\n', '((0, 1), (1, 0))')": 0.13579, "('I O \\nO O \\n', '((0, 1), (1, 1))')": 0.13579, "('I O \\nO O \\n', '((1, 0), (1, 1))')": 0.13579, "('I E \\nE E \\n', '((0, 0), (0, 1))')": -1.80207162661, "('I E \\nE E \\n', '((0, 0), (1, 0))')": -1.80207162661, "('I E \\nE E \\n', '((0, 0), (1, 1))')": -1.286508181, "('I E \\nE E \\n', '((0, 1), (1, 0))')": -0.42204521129329886, "('I E \\nE E \\n', '((0, 1), (1, 1))')": -0.7862423174638249, "('I E \\nE E \\n', '((1, 0), (1, 1))')": -0.43215196541248846, "('E E \\nE I \\n', '((0, 0), (0, 1))')": 0.13579, "('E E \\nE I \\n', '((0, 0), (1, 0))')": -0.27778900000000006, "('E E \\nE I \\n', '((0, 0), (1, 1))')": -0.3976327588042249, "('E E \\nE I \\n', '((0, 1), (1, 0))')": -0.6500101, "('E E \\nE I \\n', '((0, 1), (1, 1))')": -1.286508181, "('E E \\nE I \\n', '((1, 0), (1, 1))')": -0.27778900000000006, "('E I \\nE E \\n', '((0, 0), (0, 1))')": -0.7728856649748437, "('E I \\nE E \\n', '((0, 0), (1, 0))')": -0.98500909, "('E I \\nE E \\n', '((0, 0), (1, 1))')": 0.13579, "('E I \\nE E \\n', '((0, 1), (1, 0))')": -1.5578573629, "('E I \\nE E \\n', '((0, 1), (1, 1))')": -1.286508181, "('E I \\nE E \\n', '((1, 0), (1, 1))')": -0.27778900000000006, "('E E \\nI E \\n', '((0, 0), (0, 1))')": -0.27778900000000006, "('E E \\nI E \\n', '((0, 0), (1, 0))')": -0.38565538869704863, "('E E \\nI E \\n', '((0, 0), (1, 1))')": 0.13579, "('E E \\nI E \\n', '((0, 1), (1, 0))')": -0.27778900000000006, "('E E \\nI E \\n', '((0, 1), (1, 1))')": -0.27778900000000006, "('E E \\nI E \\n', '((1, 0), (1, 1))')": -0.27778900000000006}